{
    "@class": "com.kony.gen.viz.model.component.KVizUserWidget",
    "DNDConfig": null,
    "__parentReadjusting__": false,
    "_children_": [],
    "_height_": {
        "type": "string",
        "value": "0%"
    },
    "_left_": {
        "type": "string",
        "value": "0dp"
    },
    "_margin_": [
        0,
        0,
        0,
        0
    ],
    "_orientation_": 1,
    "_padding_": [
        0,
        0,
        0,
        0
    ],
    "_percent_": true,
    "_render_": true,
    "_skin_": "sa329cfe70134ba4ac082e1e8d3ef854",
    "_top_": {
        "type": "string",
        "value": "0dp"
    },
    "_width_": {
        "type": "string",
        "value": "0%"
    },
    "autogrowmode": 0,
    "canUpdateUI": true,
    "clipbounds": true,
    "containerweight": 0,
    "data": {
        "ide_onEnrollFailure": "AS_UWI_d393c5c5ff3247a48068f0bd3aed14e2",
        "ide_onEnrollSuccess": "AS_UWI_g21723be3438425cb74a4e894a34ce28",
        "ide_onInitFailure": "AS_UWI_e6cc9309a5cf4adbae1843826938aa12",
        "ide_onInitSuccess": "AS_UWI_eca5d54e884547aa9baf458e3cf19577",
        "ide_onUnenrollFailure": "AS_UWI_gdb741665c2742fcbc96859190e9ace9",
        "ide_onUnenrollSuccess": "AS_UWI_c4c689d3eaef451f94ad244ebfe76969",
        "ide_onVerifyFailure": "AS_UWI_fe28bfdb06c64a469e6ff986ec78c4aa",
        "ide_onVerifySuccess": "AS_UWI_i0c11aa167f34747b05e7038b7ae7900",
        "licenseString": "Enter licence String",
        "serverURL": "Enter Server URL"
    },
    "id": "faceid",
    "info": null,
    "iscustomlayout": false,
    "isvisible": false,
    "kuid": "gaa08f705a524e0d85396f1e2d9b9410",
    "layouttype": 2,
    "masterType": 1,
    "name": "kony.ui.UserWidgetInstance",
    "parent": "frmSetting",
    "pf": "frmSetting",
    "retaincontentalignment": false,
    "retainflexpositionproperties": false,
    "snaptogrid": true,
    "sourceUserWidget": "add24d4a07f14cec8078d4456a38aa1c",
    "wType": "UserWidgetInstance"
}