{
    "classname": "faceid",
    "definitions": {
        "apis": {
            "custom": [
                {
                    "group": "General",
                    "kuid": "i2a0a77c2b214e29a362cd8ea70f0219",
                    "paramList": [],
                    "propertyKey": "configuration",
                    "pw": {
                        "displayName": "configuration",
                        "uiRepresentation": "Label-Label-Button-Button"
                    },
                    "srcWgtKUID": "add24d4a07f14cec8078d4456a38aa1c",
                    "type": "event"
                },
                {
                    "group": "General",
                    "kuid": "f634515c7fb44c4ea27e591cac9bf75c",
                    "paramList": [],
                    "propertyKey": "initialize",
                    "pw": {
                        "displayName": "initialize",
                        "uiRepresentation": "Label-Label-Button-Button"
                    },
                    "srcWgtKUID": "add24d4a07f14cec8078d4456a38aa1c",
                    "type": "event"
                },
                {
                    "group": "General",
                    "kuid": "af651464c27f4979b7086b4c0c792acf",
                    "paramList": [],
                    "propertyKey": "enroll",
                    "pw": {
                        "displayName": "enroll",
                        "uiRepresentation": "Label-Label-Button-Button"
                    },
                    "srcWgtKUID": "add24d4a07f14cec8078d4456a38aa1c",
                    "type": "event"
                },
                {
                    "group": "General",
                    "kuid": "f8d91a188c554f4d862f6938d018ee6c",
                    "paramList": [],
                    "propertyKey": "verify",
                    "pw": {
                        "displayName": "verify",
                        "uiRepresentation": "Label-Label-Button-Button"
                    },
                    "srcWgtKUID": "add24d4a07f14cec8078d4456a38aa1c",
                    "type": "event"
                },
                {
                    "group": "General",
                    "kuid": "c1d58ec87b3f4e74b0f6a26b78d9019e",
                    "paramList": [],
                    "propertyKey": "unenroll",
                    "pw": {
                        "displayName": "unenroll",
                        "uiRepresentation": "Label-Label-Button-Button"
                    },
                    "srcWgtKUID": "add24d4a07f14cec8078d4456a38aa1c",
                    "type": "event"
                },
                {
                    "group": "General",
                    "kuid": "ca2af4f2eb8d4ba1be322be50f7477c9",
                    "paramList": [],
                    "propertyKey": "uninitialize",
                    "pw": {
                        "displayName": "uninitialize",
                        "uiRepresentation": "Label-Label-Button-Button"
                    },
                    "srcWgtKUID": "add24d4a07f14cec8078d4456a38aa1c",
                    "type": "event"
                }
            ],
            "passthrough": []
        },
        "events": {
            "custom": [
                {
                    "group": "Enroll",
                    "kuid": "f26bddedda7e477ea4c4bd500374551f",
                    "paramList": [],
                    "propertyIndex": 1,
                    "propertyKey": "onEnrollSuccess",
                    "pw": {
                        "displayName": "onEnrollSuccess",
                        "uiRepresentation": "Label-Label-Button-Button"
                    },
                    "srcWgtKUID": "add24d4a07f14cec8078d4456a38aa1c",
                    "type": "event"
                },
                {
                    "group": "Initialization",
                    "kuid": "ad6c44b7a8b64e51ad1fa0d7d0cc1f15",
                    "paramList": [],
                    "propertyIndex": 1,
                    "propertyKey": "onInitSuccess",
                    "pw": {
                        "displayName": "onInitSuccess",
                        "uiRepresentation": "Label-Label-Button-Button"
                    },
                    "srcWgtKUID": "add24d4a07f14cec8078d4456a38aa1c",
                    "type": "event"
                },
                {
                    "group": "Verify",
                    "kuid": "fd51c31804114e5197c307dff8b75660",
                    "paramList": [],
                    "propertyIndex": 1,
                    "propertyKey": "onVerifySuccess",
                    "pw": {
                        "displayName": "onVerifySuccess",
                        "uiRepresentation": "Label-Label-Button-Button"
                    },
                    "srcWgtKUID": "add24d4a07f14cec8078d4456a38aa1c",
                    "type": "event"
                },
                {
                    "group": "Unenroll",
                    "kuid": "abf0a571b3d046df8d5b5a41dbd6d08c",
                    "paramList": [],
                    "propertyIndex": 1,
                    "propertyKey": "onUnenrollSuccess",
                    "pw": {
                        "displayName": "onUnenrollSuccess",
                        "uiRepresentation": "Label-Label-Button-Button"
                    },
                    "srcWgtKUID": "add24d4a07f14cec8078d4456a38aa1c",
                    "type": "event"
                },
                {
                    "group": "Initialization",
                    "kuid": "deb8f587212547389525e696e09c9582",
                    "paramList": [
                        {
                            "name": "error"
                        }
                    ],
                    "propertyIndex": 2,
                    "propertyKey": "onInitFailure",
                    "pw": {
                        "displayName": "onInitFailure",
                        "uiRepresentation": "Label-Label-Button-Button"
                    },
                    "srcWgtKUID": "add24d4a07f14cec8078d4456a38aa1c",
                    "type": "event"
                },
                {
                    "group": "Verify",
                    "kuid": "fafc3d7ac7354cc18e29d58784f80ec7",
                    "paramList": [
                        {
                            "name": "error"
                        }
                    ],
                    "propertyIndex": 2,
                    "propertyKey": "onVerifyFailure",
                    "pw": {
                        "displayName": "onVerifyFailure",
                        "uiRepresentation": "Label-Label-Button-Button"
                    },
                    "srcWgtKUID": "add24d4a07f14cec8078d4456a38aa1c",
                    "type": "event"
                },
                {
                    "group": "Enroll",
                    "kuid": "b384768b2df840a59ddece251fdfc221",
                    "paramList": [
                        {
                            "name": "error"
                        }
                    ],
                    "propertyIndex": 2,
                    "propertyKey": "onEnrollFailure",
                    "pw": {
                        "displayName": "onEnrollFailure",
                        "uiRepresentation": "Label-Label-Button-Button"
                    },
                    "srcWgtKUID": "add24d4a07f14cec8078d4456a38aa1c",
                    "type": "event"
                },
                {
                    "group": "Unenroll",
                    "kuid": "a874fc7cd7d74a558bb165d18c7a144b",
                    "paramList": [
                        {
                            "name": "error"
                        }
                    ],
                    "propertyIndex": 2,
                    "propertyKey": "onUnenrollFailure",
                    "pw": {
                        "displayName": "onUnenrollFailure",
                        "uiRepresentation": "Label-Label-Button-Button"
                    },
                    "srcWgtKUID": "add24d4a07f14cec8078d4456a38aa1c",
                    "type": "event"
                }
            ],
            "passthrough": []
        },
        "groups": {
            "apis": [
                "General"
            ],
            "events": [
                "Initialization",
                "Enroll",
                "Verify",
                "Unenroll"
            ],
            "properties": [
                "Button Properties",
                "Token Configuration",
                "Enroll Configuration",
                "Verify Configuration",
                "License Configuration"
            ],
            "widgets": []
        },
        "properties": {
            "custom": [
                {
                    "access": "Write",
                    "defaultValue": 3000,
                    "group": "Enroll Configuration",
                    "kuid": "c9ae7e3180b348bf84535971c74ceb08",
                    "originalPropertyKey": "enrollTimeout",
                    "propertyIndex": 1,
                    "propertyKey": "enrollTimeout",
                    "pw": {
                        "displayName": "Timeout",
                        "type": "integer",
                        "uiRepresentation": "Label-Textbox",
                        "validationData": "^(\\+|-)?\\d+$"
                    },
                    "srcWgtKUID": "add24d4a07f14cec8078d4456a38aa1c",
                    "type": "integer",
                    "value": ""
                },
                {
                    "access": "Write",
                    "defaultValue": 3000,
                    "group": "Verify Configuration",
                    "kuid": "fc9c5a47a9de40c98313cddd770e3f5c",
                    "originalPropertyKey": "verifyTimeout",
                    "propertyIndex": 1,
                    "propertyKey": "verifyTimeout",
                    "pw": {
                        "displayName": "Timeout",
                        "type": "integer",
                        "uiRepresentation": "Label-Textbox",
                        "validationData": "^(\\+|-)?\\d+$"
                    },
                    "srcWgtKUID": "add24d4a07f14cec8078d4456a38aa1c",
                    "type": "integer",
                    "value": ""
                },
                {
                    "access": "Write",
                    "defaultValue": "Enter License Entitlement  String",
                    "group": "License Configuration",
                    "kuid": "j543087ecd7346b0af26b1b3a55cdd77",
                    "originalPropertyKey": "licenseString",
                    "propertyIndex": 1,
                    "propertyKey": "licenseString",
                    "pw": {
                        "displayName": "Licence Entitlement String",
                        "uiRepresentation": "Label-Textbox"
                    },
                    "srcWgtKUID": "add24d4a07f14cec8078d4456a38aa1c",
                    "type": "string",
                    "value": ""
                },
                {
                    "access": "Write",
                    "defaultValue": "login",
                    "group": "Token Configuration",
                    "kuid": "h0db9fb454d04d2499548cce717bc577",
                    "originalPropertyKey": "tokenName",
                    "propertyIndex": 1,
                    "propertyKey": "tokenName",
                    "pw": {
                        "displayName": "Token Name",
                        "uiRepresentation": "Label-Textbox"
                    },
                    "srcWgtKUID": "add24d4a07f14cec8078d4456a38aa1c",
                    "type": "string",
                    "value": ""
                },
                {
                    "access": "Write",
                    "defaultValue": 50,
                    "group": "Enroll Configuration",
                    "kuid": "e5db9de4a80543c9b47c8a299d388f24",
                    "originalPropertyKey": "enrollQualityThreshold",
                    "propertyIndex": 2,
                    "propertyKey": "enrollQualityThreshold",
                    "pw": {
                        "displayName": "Quality Threshold",
                        "type": "integer",
                        "uiRepresentation": "Label-Textbox",
                        "validationData": "^(\\+|-)?\\d+$"
                    },
                    "srcWgtKUID": "add24d4a07f14cec8078d4456a38aa1c",
                    "type": "integer",
                    "value": ""
                },
                {
                    "access": "Write",
                    "defaultValue": "LIVENESS_PASSIVE",
                    "group": "Verify Configuration",
                    "kuid": "d02cde2b79a04b3abdb54b2af0746125",
                    "originalPropertyKey": "livenessMode",
                    "propertyIndex": 2,
                    "propertyKey": "livenessMode",
                    "pw": {
                        "displayName": "Liveness Mode",
                        "uiRepresentation": "Label-Combobox"
                    },
                    "srcWgtKUID": "add24d4a07f14cec8078d4456a38aa1c",
                    "type": "list selector",
                    "value": [
                        "IMAGE",
                        "LIVENESS_PASSIVE"
                    ]
                },
                {
                    "access": "Write",
                    "defaultValue": "Enter Server URL",
                    "group": "License Configuration",
                    "kuid": "f5359c4b3b5e45a397de39ec8a7a95e2",
                    "originalPropertyKey": "serverURL",
                    "propertyIndex": 2,
                    "propertyKey": "serverURL",
                    "pw": {
                        "displayName": "Server URL",
                        "uiRepresentation": "Label-Textbox"
                    },
                    "srcWgtKUID": "add24d4a07f14cec8078d4456a38aa1c",
                    "type": "string",
                    "value": ""
                },
                {
                    "access": "Write",
                    "defaultValue": "CLEAR_TEXT",
                    "group": "Token Configuration",
                    "kuid": "b2546241e5144c7083cb67ff0f27b126",
                    "originalPropertyKey": "tokenConfigType",
                    "propertyIndex": 3,
                    "propertyKey": "tokenConfigType",
                    "pw": {
                        "displayName": "Token Config Type",
                        "uiRepresentation": "Label-Combobox"
                    },
                    "srcWgtKUID": "add24d4a07f14cec8078d4456a38aa1c",
                    "type": "list selector",
                    "value": [
                        "CLEAR_TEXT"
                    ]
                },
                {
                    "access": "Write",
                    "defaultValue": 0,
                    "group": "Verify Configuration",
                    "kuid": "i4ad42bf65ad4c21923b091e465ea82f",
                    "originalPropertyKey": "livenessThreshold",
                    "propertyIndex": 3,
                    "propertyKey": "livenessThreshold",
                    "pw": {
                        "displayName": "Liveness Threshold",
                        "type": "integer",
                        "uiRepresentation": "Label-Textbox",
                        "validationData": "^(\\+|-)?\\d+$"
                    },
                    "srcWgtKUID": "add24d4a07f14cec8078d4456a38aa1c",
                    "type": "integer",
                    "value": ""
                },
                {
                    "access": "Write",
                    "defaultValue": 2000,
                    "group": "Verify Configuration",
                    "kuid": "a67b129e95d24472bb45509d6a6d5362",
                    "originalPropertyKey": "blinkTimeout",
                    "propertyIndex": 4,
                    "propertyKey": "blinkTimeout",
                    "pw": {
                        "displayName": "Blink Timeout",
                        "type": "integer",
                        "uiRepresentation": "Label-Textbox",
                        "validationData": "^(\\+|-)?\\d+$"
                    },
                    "srcWgtKUID": "add24d4a07f14cec8078d4456a38aa1c",
                    "type": "integer",
                    "value": ""
                },
                {
                    "access": "Write",
                    "defaultValue": "12345678912345678900",
                    "group": "Token Configuration",
                    "kuid": "id4ba67b69c648848737fa3570a2d425",
                    "originalPropertyKey": "secret",
                    "propertyIndex": 4,
                    "propertyKey": "secret",
                    "pw": {
                        "displayName": "Secret",
                        "uiRepresentation": "Label-Textbox"
                    },
                    "srcWgtKUID": "add24d4a07f14cec8078d4456a38aa1c",
                    "type": "string",
                    "value": ""
                },
                {
                    "access": "Write",
                    "defaultValue": 50,
                    "group": "Verify Configuration",
                    "kuid": "b9fc7c6f13334c329066ff17fce6b7ab",
                    "originalPropertyKey": "verifyQualityThreshold",
                    "propertyIndex": 5,
                    "propertyKey": "verifyQualityThreshold",
                    "pw": {
                        "displayName": "Quality Threshold",
                        "type": "integer",
                        "uiRepresentation": "Label-Textbox",
                        "validationData": "^(\\+|-)?\\d+$"
                    },
                    "srcWgtKUID": "add24d4a07f14cec8078d4456a38aa1c",
                    "type": "integer",
                    "value": ""
                },
                {
                    "access": "Write",
                    "defaultValue": "1234",
                    "group": "Token Configuration",
                    "kuid": "fc1fa1aaaf014a1080d745f0034531b3",
                    "originalPropertyKey": "pin",
                    "propertyIndex": 5,
                    "propertyKey": "pin",
                    "pw": {
                        "displayName": "Pin",
                        "uiRepresentation": "Label-Textbox"
                    },
                    "srcWgtKUID": "add24d4a07f14cec8078d4456a38aa1c",
                    "type": "string",
                    "value": ""
                },
                {
                    "access": "Write",
                    "defaultValue": 48,
                    "group": "Verify Configuration",
                    "kuid": "d8c06927b9164291b032bf48c16a5613",
                    "originalPropertyKey": "matchingThreshold",
                    "propertyIndex": 6,
                    "propertyKey": "matchingThreshold",
                    "pw": {
                        "displayName": "Matching Threshold",
                        "type": "integer",
                        "uiRepresentation": "Label-Textbox",
                        "validationData": "^(\\+|-)?\\d+$"
                    },
                    "srcWgtKUID": "add24d4a07f14cec8078d4456a38aa1c",
                    "type": "integer",
                    "value": ""
                }
            ],
            "passthrough": []
        },
        "widgets": {
            "expose": [],
            "passthrough": []
        }
    },
    "namespace": "com.konymp",
    "version": "1.0.0"
}