{
  "android": {
    "font_name": "Roboto-Regular",
    "font_size": 125,
    "isForked": false
  },
  "androidwearos": {
    "font_name": "default",
    "font_size": 125,
    "isForked": false
  },
  "background_color": "c2c2c2ff",
  "bg_type": "one",
  "border_color": "ffffffff",
  "border_radius": 18,
  "border_style": "custom",
  "border_type": 0,
  "border_width": 1,
  "desktopweb": {
    "font_name": "Helvetica",
    "font_size": 125,
    "isForked": false
  },
  "fontSizeInPx": false,
  "font_color": "ffffffff",
  "font_name": "iphoneSystem",
  "font_size": 125,
  "font_style": "normal",
  "font_weight": "normal",
  "ipad": {
    "font_name": "System",
    "font_size": 125,
    "isForked": false
  },
  "iphone": {
    "font_name": "OpenSans-Regular",
    "font_size": 125,
    "isForked": false
  },
  "isDefaultSkin": false,
  "kiosk": {
    "font_name": "None",
    "font_size": 125,
    "isForked": false
  },
  "kuid": "s04d1bbef4364c7a89b55f8894f0536c",
  "spaan": {
    "font_name": "Helvetica",
    "font_size": 125,
    "isForked": false
  },
  "spaandroidtablet": {
    "font_name": "Helvetica",
    "font_size": 125,
    "isForked": false
  },
  "spabb": {
    "font_name": "Helvetica",
    "font_size": 125,
    "isForked": false
  },
  "spaip": {
    "font_name": "Helvetica",
    "font_size": 125,
    "isForked": false
  },
  "spaipad": {
    "font_name": "Helvetica",
    "font_size": 125,
    "isForked": false
  },
  "spawindowstablet": {
    "font_name": "Helvetica",
    "font_size": 125,
    "isForked": false
  },
  "spawinphone8": {
    "font_name": "Helvetica",
    "font_size": 125,
    "isForked": false
  },
  "tabrcandroid": {
    "font_name": "default",
    "font_size": 125,
    "isForked": false
  },
  "wType": "Button",
  "watchos": {
    "font_name": "System",
    "font_size": 125,
    "isForked": false
  },
  "windows8": {
    "font_name": "None",
    "font_size": 125,
    "isForked": false
  },
  "winphone8": {
    "font_name": "None",
    "font_size": 125,
    "isForked": false
  }
}