{
  "android": {
    "font_name": "Roboto-Regular",
    "font_size": 125,
    "isForked": false
  },
  "androidwearos": {
    "font_name": "Helvetica"
  },
  "background_color": "4b88f1ff",
  "bg_type": "one",
  "border_color": "ffffff00",
  "border_radius": 14,
  "border_style": "custom",
  "border_type": 0,
  "border_width": 1,
  "delinkedPltfrms": {
    "desktop": [],
    "mobile": [
      "iphone"
    ],
    "tablet": [],
    "watch": []
  },
  "desktopweb": {
    "background_color": {
      "angle": 0,
      "colors": [
        "56a9ddff",
        "3a83a7ff",
        "4aa8d1ff"
      ],
      "cs": [
        0,
        50,
        100
      ],
      "gt": "linear"
    },
    "background_style": "linear",
    "bg_type": "ms_gradient",
    "bottom_left_border_color": "ffffffff",
    "bottom_left_border_style": "plain",
    "bottom_left_border_width": 0,
    "bottom_right_border_color": "ffffffff",
    "bottom_right_border_style": "plain",
    "bottom_right_border_width": 0,
    "font_name": "Helvetica",
    "isForked": true,
    "shadow": {
      "br": 2,
      "color": "000000ff",
      "inner": false,
      "nm": 0,
      "x": 0,
      "y": 2
    },
    "text_shadow": {
      "br": 0,
      "color": "000000ff",
      "x": 0,
      "y": -1
    },
    "top_left_border_color": "ffffffff",
    "top_left_border_style": "plain",
    "top_left_border_width": 0,
    "top_right_border_color": "ffffffff",
    "top_right_border_style": "plain",
    "top_right_border_width": 0
  },
  "fontSizeInPx": false,
  "font_color": "ffffffff",
  "font_name": "Helvetica",
  "font_size": 125,
  "font_style": "normal",
  "font_weight": "normal",
  "ipad": {
    "background_color": {
      "angle": 0,
      "colors": [
        "56a9ddff",
        "3a83a7ff",
        "4aa8d1ff"
      ],
      "cs": [
        0,
        50,
        100
      ],
      "gt": "linear"
    },
    "background_style": "linear",
    "bg_type": "ms_gradient",
    "font_name": "Helvetica",
    "isForked": true,
    "text_shadow": {
      "br": 0,
      "color": "000000ff",
      "x": 0,
      "y": -1
    }
  },
  "iphone": {
    "font_name": "OpenSans-Regular",
    "font_size": 125,
    "isForked": false
  },
  "isDefaultSkin": false,
  "kiosk": {
    "background_color": {
      "angle": 0,
      "colors": [
        "56a9ddff",
        "3a83a7ff",
        "4aa8d1ff"
      ],
      "cs": [
        0,
        50,
        100
      ],
      "gt": "linear"
    },
    "background_style": "linear",
    "bg_type": "ms_gradient",
    "font_name": "FontAwesome",
    "isForked": true
  },
  "kuid": "sedf5da6561f4e2f8302354544984ff4",
  "spaan": {
    "font_name": "Helvetica",
    "font_size": 125,
    "isForked": false
  },
  "spaandroidtablet": {
    "background_color": {
      "angle": 0,
      "colors": [
        "56a9ddff",
        "3a83a7ff",
        "4aa8d1ff"
      ],
      "cs": [
        0,
        50,
        100
      ],
      "gt": "linear"
    },
    "background_style": "linear",
    "bg_type": "ms_gradient",
    "bottom_left_border_color": "ffffffff",
    "bottom_left_border_style": "plain",
    "bottom_left_border_width": 0,
    "bottom_right_border_color": "ffffffff",
    "bottom_right_border_style": "plain",
    "bottom_right_border_width": 0,
    "font_name": "Helvetica",
    "isForked": true,
    "shadow": {
      "br": 2,
      "color": "000000ff",
      "inner": false,
      "nm": 0,
      "x": 0,
      "y": 2
    },
    "text_shadow": {
      "br": 0,
      "color": "000000ff",
      "x": 0,
      "y": -1
    },
    "top_left_border_color": "ffffffff",
    "top_left_border_style": "plain",
    "top_left_border_width": 0,
    "top_right_border_color": "ffffffff",
    "top_right_border_style": "plain",
    "top_right_border_width": 0
  },
  "spabb": {
    "font_name": "Helvetica",
    "font_size": 125,
    "isForked": false
  },
  "spaip": {
    "font_name": "Helvetica",
    "font_size": 125,
    "isForked": false
  },
  "spaipad": {
    "background_color": {
      "angle": 0,
      "colors": [
        "56a9ddff",
        "3a83a7ff",
        "4aa8d1ff"
      ],
      "cs": [
        0,
        50,
        100
      ],
      "gt": "linear"
    },
    "background_style": "linear",
    "bg_type": "ms_gradient",
    "bottom_left_border_color": "ffffffff",
    "bottom_left_border_style": "plain",
    "bottom_left_border_width": 0,
    "bottom_right_border_color": "ffffffff",
    "bottom_right_border_style": "plain",
    "bottom_right_border_width": 0,
    "font_name": "Helvetica",
    "isForked": true,
    "shadow": {
      "br": 2,
      "color": "000000ff",
      "inner": false,
      "nm": 0,
      "x": 0,
      "y": 2
    },
    "text_shadow": {
      "br": 0,
      "color": "000000ff",
      "x": 0,
      "y": -1
    },
    "top_left_border_color": "ffffffff",
    "top_left_border_style": "plain",
    "top_left_border_width": 0,
    "top_right_border_color": "ffffffff",
    "top_right_border_style": "plain",
    "top_right_border_width": 0
  },
  "spawindowstablet": {
    "background_color": {
      "angle": 0,
      "colors": [
        "56a9ddff",
        "3a83a7ff",
        "4aa8d1ff"
      ],
      "cs": [
        0,
        50,
        100
      ],
      "gt": "linear"
    },
    "background_style": "linear",
    "bg_type": "ms_gradient",
    "bottom_left_border_color": "ffffffff",
    "bottom_left_border_style": "plain",
    "bottom_left_border_width": 0,
    "bottom_right_border_color": "ffffffff",
    "bottom_right_border_style": "plain",
    "bottom_right_border_width": 0,
    "font_name": "Helvetica",
    "isForked": true,
    "shadow": {
      "br": 2,
      "color": "000000ff",
      "inner": false,
      "nm": 0,
      "x": 0,
      "y": 2
    },
    "text_shadow": {
      "br": 0,
      "color": "000000ff",
      "x": 0,
      "y": -1
    },
    "top_left_border_color": "ffffffff",
    "top_left_border_style": "plain",
    "top_left_border_width": 0,
    "top_right_border_color": "ffffffff",
    "top_right_border_style": "plain",
    "top_right_border_width": 0
  },
  "spawinphone8": {
    "font_name": "Helvetica",
    "font_size": 125,
    "isForked": false
  },
  "tabrcandroid": {
    "background_color": {
      "angle": 0,
      "colors": [
        "56a9ddff",
        "3a83a7ff",
        "4aa8d1ff"
      ],
      "cs": [
        0,
        50,
        100
      ],
      "gt": "linear"
    },
    "background_style": "linear",
    "bg_type": "ms_gradient",
    "font_name": "Helvetica",
    "isForked": true,
    "text_shadow": {
      "br": 0,
      "color": "000000ff",
      "x": 0,
      "y": -1
    }
  },
  "wType": "Button",
  "watchos": {
    "font_name": "Helvetica",
    "font_size": 125,
    "isForked": false
  },
  "windows8": {
    "background_color": {
      "angle": 0,
      "colors": [
        "56a9ddff",
        "3a83a7ff",
        "4aa8d1ff"
      ],
      "cs": [
        0,
        50,
        100
      ],
      "gt": "linear"
    },
    "background_style": "linear",
    "bg_type": "ms_gradient",
    "font_name": "FontAwesome",
    "isForked": true
  },
  "winphone8": {
    "font_name": "None",
    "font_size": 125,
    "isForked": false
  }
}