{
    "AS_Button_e90012699991477b99ed15a721777f0a": {
        "id": "AS_Button_e90012699991477b99ed15a721777f0a",
        "type": "ACTION_SEQUENCE",
        "params": [{
            "datatype": "collection",
            "name": "eventobject"
        }],
        "contextObj": {
            "name": "frmSetting",
            "type": "forms",
            "platform": "",
            "KUID": "hcdd893fac4e4e57bb2edeca3d803d05"
        },
        "language": "js",
        "actions": [{
            "id": "ADD_SNIPPET__d5adf3d3c10743628af16c01c272d525",
            "type": "ADD_SNIPPET",
            "codeSnippet": "this.view.faceid.unenroll();",
            "parentId": null,
            "callbackType": null
        }]
    }
}