{
    "AS_Button_f8047ea7856644cea48e9ef6f6294a40": {
        "id": "AS_Button_f8047ea7856644cea48e9ef6f6294a40",
        "type": "ACTION_SEQUENCE",
        "params": [{
            "datatype": "collection",
            "name": "eventobject"
        }],
        "contextObj": {
            "name": "frmSetting",
            "type": "forms",
            "platform": "",
            "KUID": "hcdd893fac4e4e57bb2edeca3d803d05"
        },
        "language": "js",
        "actions": [{
            "id": "ADD_SNIPPET__ed198159c9814c739cff68b5c10dbefc",
            "type": "ADD_SNIPPET",
            "codeSnippet": "this.view.faceid.enroll();",
            "parentId": null,
            "callbackType": null
        }]
    }
}