{
    "AS_Button_b665262ce6c749fe91212e2e33142fc2": {
        "id": "AS_Button_b665262ce6c749fe91212e2e33142fc2",
        "type": "ACTION_SEQUENCE",
        "params": [{
            "datatype": "collection",
            "name": "eventobject"
        }],
        "contextObj": {
            "name": "frmLogin",
            "type": "forms",
            "platform": "",
            "KUID": "c403d1260c544c29ad2da21ab2d9d8d8"
        },
        "language": "js",
        "actions": [{
            "id": "ADD_SNIPPET__e12854e686f944929021a64768ef49ae",
            "type": "ADD_SNIPPET",
            "codeSnippet": "this.faceIDComp.verify();",
            "parentId": null,
            "callbackType": null
        }]
    }
}