{
    "AS_Form_j702c5c3c56545c0a8804dadcb289c14": {
        "id": "AS_Form_j702c5c3c56545c0a8804dadcb289c14",
        "type": "ACTION_SEQUENCE",
        "params": [{
            "datatype": "collection",
            "name": "eventobject"
        }],
        "contextObj": {
            "name": "frmSetting",
            "type": "forms",
            "platform": "",
            "KUID": "hcdd893fac4e4e57bb2edeca3d803d05"
        },
        "language": "js",
        "actions": [{
            "id": "ADD_SNIPPET__a5300f2a09fe4d2eb1776da50dfa6246",
            "type": "ADD_SNIPPET",
            "codeSnippet": "if(kony.store.getItem(\"isInitialisedGemalto\")!==null){\nkony.store.setItem(\"isInitialisedGemalto\", \"NO\");\n}",
            "parentId": null,
            "callbackType": null
        }]
    }
}