{
    "AS_Form_f3d63326c9954f70bc7e3e89b980018d": {
        "id": "AS_Form_f3d63326c9954f70bc7e3e89b980018d",
        "type": "ACTION_SEQUENCE",
        "params": [{
            "datatype": "collection",
            "name": "eventobject"
        }],
        "contextObj": {
            "name": "frmLogin",
            "type": "forms",
            "platform": "",
            "KUID": "c403d1260c544c29ad2da21ab2d9d8d8"
        },
        "language": "js",
        "actions": [{
            "id": "ADD_SNIPPET__ha5ebab69538432bb304d34952940626",
            "type": "ADD_SNIPPET",
            "codeSnippet": "this.view.flxAlert.isVisible = false;",
            "parentId": null,
            "callbackType": null
        }]
    }
}