{
    "AS_Form_b24b8d134d0341d9b59d43ea43c3fef0": {
        "id": "AS_Form_b24b8d134d0341d9b59d43ea43c3fef0",
        "type": "ACTION_SEQUENCE",
        "params": [{
            "datatype": "collection",
            "name": "eventobject"
        }],
        "contextObj": {
            "name": "frmSetting",
            "type": "forms",
            "platform": "",
            "KUID": "hcdd893fac4e4e57bb2edeca3d803d05"
        },
        "language": "js",
        "actions": [{
            "id": "ADD_SNIPPET__he7c7077ccb2423fa6e628691864e980",
            "type": "ADD_SNIPPET",
            "codeSnippet": "this.enrolledValue();\nthis.disableButton();",
            "parentId": null,
            "callbackType": null
        }]
    }
}