{
    "AS_UWI_i0c11aa167f34747b05e7038b7ae7900": {
        "id": "AS_UWI_i0c11aa167f34747b05e7038b7ae7900",
        "type": "ACTION_SEQUENCE",
        "params": [],
        "contextObj": {
            "name": "frmSetting",
            "type": "forms",
            "platform": "",
            "KUID": "hcdd893fac4e4e57bb2edeca3d803d05"
        },
        "language": "js",
        "actions": [{
            "id": "NAVIGATE_TO_FORM___b2543310785f4d9984e009687f23cfdd",
            "type": "NAVIGATE_TO_FORM",
            "formId": "frmSetting",
            "formKUID": "hcdd893fac4e4e57bb2edeca3d803d05",
            "mappings": {},
            "mappingsOrder": [],
            "parentId": "",
            "callbackType": null,
            "enableMappingEditor": true,
            "package": ""
        }]
    }
}