{
    "AS_UWI_g21723be3438425cb74a4e894a34ce28": {
        "id": "AS_UWI_g21723be3438425cb74a4e894a34ce28",
        "type": "ACTION_SEQUENCE",
        "params": [],
        "contextObj": {
            "name": "frmSetting",
            "type": "forms",
            "platform": "",
            "KUID": "hcdd893fac4e4e57bb2edeca3d803d05"
        },
        "language": "js",
        "actions": [{
            "id": "ADD_SNIPPET__ef16b9511c904eca9ecff5270f90825d",
            "type": "ADD_SNIPPET",
            "codeSnippet": "this.enrollSuccess();",
            "parentId": null,
            "callbackType": null
        }]
    }
}