{
    "AS_UWI_gdb741665c2742fcbc96859190e9ace9": {
        "id": "AS_UWI_gdb741665c2742fcbc96859190e9ace9",
        "type": "ACTION_SEQUENCE",
        "params": [{
            "name": "error",
            "datatype": "collection"
        }],
        "contextObj": {
            "name": "frmSetting",
            "type": "forms",
            "platform": "",
            "KUID": "hcdd893fac4e4e57bb2edeca3d803d05"
        },
        "language": "js",
        "actions": [{
            "id": "ADD_SNIPPET__j5ec5c33eb22408180ccf407bf0160e3",
            "type": "ADD_SNIPPET",
            "codeSnippet": "alert(\"Unenrollment Failed  \"+JSON.stringify(error));",
            "parentId": null,
            "callbackType": null
        }]
    }
}