{
    "AS_UWI_eca5d54e884547aa9baf458e3cf19577": {
        "id": "AS_UWI_eca5d54e884547aa9baf458e3cf19577",
        "type": "ACTION_SEQUENCE",
        "params": [],
        "contextObj": {
            "name": "frmSetting",
            "type": "forms",
            "platform": "",
            "KUID": "hcdd893fac4e4e57bb2edeca3d803d05"
        },
        "language": "js",
        "actions": [{
            "id": "ADD_SNIPPET__e5048e1ae82046f4b937fcf3ab92d9c4",
            "type": "ADD_SNIPPET",
            "codeSnippet": "this.initSucess();",
            "parentId": null,
            "callbackType": null
        }]
    }
}