{
    "AS_UWI_c4c689d3eaef451f94ad244ebfe76969": {
        "id": "AS_UWI_c4c689d3eaef451f94ad244ebfe76969",
        "type": "ACTION_SEQUENCE",
        "params": [],
        "contextObj": {
            "name": "frmSetting",
            "type": "forms",
            "platform": "",
            "KUID": "hcdd893fac4e4e57bb2edeca3d803d05"
        },
        "language": "js",
        "actions": [{
            "id": "ADD_SNIPPET__j66df52d80874855882b0b5fb0682754",
            "type": "ADD_SNIPPET",
            "codeSnippet": "this.unEnrollSuccess();",
            "parentId": null,
            "callbackType": null
        }]
    }
}