{
    "@class": "com.kony.gen.viz.model.component.KVizButton",
    "DNDConfig": null,
    "__parentReadjusting__": false,
    "_height_": {
        "type": "string",
        "value": "50dp"
    },
    "_margin_": [
        6,
        6,
        6,
        6
    ],
    "_padding_": [
        0,
        0,
        0,
        0
    ],
    "_skin_": "sedf5da6561f4e2f8302354544984ff4",
    "_text_": "Verify your face",
    "_width_": {
        "type": "string",
        "value": "260dp"
    },
    "canUpdateUI": true,
    "centerx": {
        "type": "string",
        "value": "50%"
    },
    "centery": {
        "type": "string",
        "value": "50%"
    },
    "containerweight": 100,
    "contentalignment": 5,
    "disabledSkins": {
        "focusSkin": "s7c5b5ecc92b45ffac128668d27d3811"
    },
    "displaytext": true,
    "id": "btnVerify",
    "ide_onClick": "AS_Button_b665262ce6c749fe91212e2e33142fc2",
    "info": null,
    "iscustomlayout": false,
    "isvisible": true,
    "kuid": "e74e00c5218e475b98f6abd2180e3550",
    "name": "kony.ui.Button",
    "parent": "frmLogin",
    "pf": "frmLogin",
    "retaincontentalignment": false,
    "retainflexpositionproperties": false,
    "wType": "Button",
    "zindex": 1
}