{
    "APPLICATION_THEME": "default",
    "appaddrkey": "",
    "appidkey": "FaceIDSampleApp",
    "appnamekey": "FaceIDSampleApp",
    "apppackagekey": "",
    "appversionkey": "1.0.0",
    "build": "debug",
    "category": "app",
    "createdVizVersion": "8.2.4",
    "createdgaversion": "8.2.4",
    "currentgaversion": "8.2.4",
    "enableCustomData": false,
    "enableResponsive": true,
    "isDpScaleFactor": true,
    "isMVC": true,
    "isNewAppWithRespectToAndroidPackageName": "",
    "konyVizVersion": "8.2.4",
    "mastersProperties": {
        "mastersVersion": "2.0.0"
    },
    "mwaddrkey": "",
    "mwhttpsportkey": "",
    "mwportkey": "",
    "project.type": "js",
    "project_version": "sprint31",
    "referenceWidth": "375",
    "startupformkey": "hcdd893fac4e4e57bb2edeca3d803d05",
    "vendornamekey": "KonyLabs",
    "winmobileguidkey": "",
    "defaulttheme": "defaultTheme",
    "nativeContainerProperties": {
        "isEnableJSContainerAndroid": true,
        "isModified": true,
        "isEnableJSContaineriOS": true,
        "isEnableJSContainer": true
    },
    "appmenu": {
        "tablet": {
            "data": [
                {
                    "windows8": {
                        "appBarButtonStyle": "No Style",
                        "position": "BOTTOM_LEFT"
                    },
                    "android": {
                        "showAsFlag": 0
                    },
                    "kuid": "i1d597fa001c442ba84ab989aa478559",
                    "icon": {
                        "default": "option1.png"
                    },
                    "id": "appmenuitemid1",
                    "title": "Item 1"
                },
                {
                    "windows8": {
                        "appBarButtonStyle": "No Style",
                        "position": "BOTTOM_LEFT"
                    },
                    "android": {
                        "showAsFlag": 0
                    },
                    "kuid": "cf1b058bb2c94a10a0715b75693f46a4",
                    "icon": {
                        "default": "option2.png"
                    },
                    "id": "appmenuitemid2",
                    "title": "Item 2"
                },
                {
                    "windows8": {
                        "appBarButtonStyle": "No Style",
                        "position": "BOTTOM_LEFT"
                    },
                    "android": {
                        "showAsFlag": 0
                    },
                    "kuid": "da54fa07cbc741b4be6073f25c6180f9",
                    "icon": {
                        "default": "option3.png"
                    },
                    "id": "appmenuitemid3",
                    "title": "Item 3"
                },
                {
                    "windows8": {
                        "appBarButtonStyle": "No Style",
                        "position": "BOTTOM_LEFT"
                    },
                    "android": {
                        "showAsFlag": 0
                    },
                    "kuid": "ac2f236af81b4ee09d3f9f82d4f8c516",
                    "icon": {
                        "default": "option4.png"
                    },
                    "id": "appmenuitemid4",
                    "title": "Item 4"
                }
            ]
        },
        "desktop": {
            "data": [
                {
                    "kuid": "b498e85a5cca48cfaf8d2b767d9b596e",
                    "icon": {
                        "default": "option1.png"
                    },
                    "id": "appmenuitemid1",
                    "title": "Item 1"
                },
                {
                    "kuid": "a89ce6999a3342f3949db99a797dfa3c",
                    "icon": {
                        "default": "option2.png"
                    },
                    "id": "appmenuitemid2",
                    "title": "Item 2"
                },
                {
                    "kuid": "h30fdb4c2d454a418cbe90de10d3eaef",
                    "icon": {
                        "default": "option3.png"
                    },
                    "id": "appmenuitemid3",
                    "title": "Item 3"
                },
                {
                    "kuid": "gcc1da7f63a640dca80a8a79d015706a",
                    "icon": {
                        "default": "option4.png"
                    },
                    "id": "appmenuitemid4",
                    "title": "Item 4"
                }
            ]
        },
        "focusskin": null,
        "osVersion": "iOS7",
        "wType": "Appmenu",
        "focusSkin": null,
        "mobile": {
            "data": [
                {
                    "kuid": "i42974413efe4d7d8fc5d2098dcb9da2",
                    "android": {
                        "showAsFlag": 0
                    },
                    "icon": {
                        "default": "option1.png"
                    },
                    "id": "appmenuitemid1",
                    "title": "Item 1"
                },
                {
                    "kuid": "j38a287db58f468faa73103762448866",
                    "android": {
                        "showAsFlag": 0
                    },
                    "icon": {
                        "default": "option2.png"
                    },
                    "id": "appmenuitemid2",
                    "title": "Item 2"
                },
                {
                    "kuid": "hd1cddec7f6f487f8b55a808aba0818d",
                    "android": {
                        "showAsFlag": 0
                    },
                    "icon": {
                        "default": "option3.png"
                    },
                    "id": "appmenuitemid3",
                    "title": "Item 3"
                },
                {
                    "kuid": "j9ae4bbb4bd54d658d0c52c4cf550afa",
                    "android": {
                        "showAsFlag": 0
                    },
                    "icon": {
                        "default": "option4.png"
                    },
                    "id": "appmenuitemid4",
                    "title": "Item 4"
                }
            ]
        },
        "skin": null,
        "osPlatform": ""
    },
    "wap_bb400_fontsize": "14",
    "wap_bb360_fontsize": "13",
    "wap_spawindowstab_fontsize": "17",
    "wap_android360_fontsize": "13",
    "isA11yConfigEnabled": false,
    "wap_android440_fontsize": "15",
    "wap_android400_fontsize": "14",
    "wap_spaandroidtabhdpi_fontsize": "18",
    "cordovaVersionInfo": {
        "useGlobalCordova": false
    },
    "wap_bb320_fontsize": "15",
    "enableCordova": false,
    "wap_bb240_fontsize": "12",
    "enableIdForAutomation": false,
    "desktopwebbasefontsize": "16",
    "wap_android240_fontsize": "10",
    "wap_spaandroidtabldpi_fontsize": "14",
    "wap_spaandroidtabmdpi_fontsize": "16",
    "wap_bb480_fontsize": "17",
    "wap_winphone480_fontsize": "12",
    "wap_android640_fontsize": "19",
    "wap_android320_fontsize": "12",
    "wap_spaandroidtab_fontsize": "17",
    "wap_android480_fontsize": "16",
    "wap_winphone320_fontsize": "12",
    "wap_spaipad_fontsize": "17",
    "wap_ip_fontsize": "12",
    "cordovaModified": false,
    "wap_bb440_fontsize": "15",
    "watchos_shortlooknotificationicon_42": "",
    "statusBarHidden": "false",
    "watchos_longlooknotificationicon_42": "",
    "watchos_companionSettings3x29": "",
    "watchos_homeScreen40": "",
    "watchos_companionSettings2x29": "",
    "watchos_shortlooknotificationicon_38": "",
    "watchos_notificationcentericon_38": "",
    "watchos_notificationcentericon_42": "",
    "watchos_watchMarketing1x": "",
    "enableactionbar": false,
    "export.type": "studioviz"
}